<?xml version="1.0" encoding="UTF-8"?>
<beans xmlns="http://www.springframework.org/schema/beans"
	xmlns:xsi="http://www.w3.org/2001/XMLSchema-instance" xmlns:context="http://www.springframework.org/schema/context"
	xmlns:mvc="http://www.springframework.org/schema/mvc"
	xsi:schemaLocation="http://www.springframework.org/schema/beans   
	http://www.springframework.org/schema/beans/spring-beans-4.0.xsd
	http://www.springframework.org/schema/context
	http://www.springframework.org/schema/context/spring-context-4.0.xsd
	http://www.springframework.org/schema/tx
	http://www.springframework.org/schema/tx/spring-tx-4.0.xsd
	http://www.springframework.org/schema/aop
	http://www.springframework.org/schema/aop/spring-aop-4.0.xsd
	http://www.springframework.org/schema/mvc
	http://www.springframework.org/schema/mvc/spring-mvc-4.0.xsd">

	<mvc:annotation-driven />  
	
	<context:component-scan base-package="com.unisys.cwis.portal.common.controller,com.unisys.cwis.portal.mrp.controller" />
	
	<bean id="multipartResolver" class="org.springframework.web.multipart.commons.CommonsMultipartResolver">  
        <!-- one of the several properties available; the maximum file size in bytes -->
        <property name="maxUploadSizePerFile" value="5242880"/>
    </bean>

	<mvc:resources location="/assets/" mapping="/assets/**" />
	<mvc:resources location="/lib/" mapping="/lib/**" />
	<mvc:resources location="/app/" mapping="/app/**" />
	
	
	<mvc:default-servlet-handler />

	<bean id="viewResolver"
		class="org.springframework.web.servlet.view.InternalResourceViewResolver">
		<property name="prefix" value="/views/"></property>
		<property name="suffix" value=".html"></property>
	</bean>


	<bean id="stringHttpMessageConverter"
		class="org.springframework.http.converter.StringHttpMessageConverter">
		<constructor-arg value="UTF-8" index="0"></constructor-arg>
		<property name="supportedMediaTypes">
			<list>
				<value>text/plain;charset=UTF-8</value>
			</list>
		</property>
	</bean>


	<bean id="messageSource"
		class="org.springframework.context.support.ResourceBundleMessageSource">
		<property name="basename" value="applicationResources"></property>
	</bean>
	
</beans>  
