<?xml version="1.0" encoding="UTF-8"?>
<beans xmlns="http://www.springframework.org/schema/beans"
	xmlns:xsi="http://www.w3.org/2001/XMLSchema-instance" xmlns:tx="http://www.springframework.org/schema/tx"
	xmlns:aop="http://www.springframework.org/schema/aop" xmlns:context="http://www.springframework.org/schema/context"
	xsi:schemaLocation="
http://www.springframework.org/schema/beans 
http://www.springframework.org/schema/beans/spring-beans-4.0.xsd 
http://www.springframework.org/schema/tx 
http://www.springframework.org/schema/tx/spring-tx-4.0.xsd
http://www.springframework.org/schema/aop 
http://www.springframework.org/schema/aop/spring-aop-4.0.xsd
http://www.springframework.org/schema/context 
http://www.springframework.org/schema/context/spring-context-4.0.xsd
">
	 <context:property-placeholder location="/WEB-INF/application.properties" />
	
	<context:component-scan base-package="com.unisys.cwis.portal.mrp.dao, com.unisys.cwis.portal.mrp.dao.impl,
										  com.unisys.cwis.portal.mrp.service, com.unisys.cwis.portal.mrp.service.impl,										  
										  com.unisys.cwis.portal.common.configuration, com.unisys.cwis.portal.common.core,
										  com.unisys.cwis.portal.common.dao, com.unisys.cwis.portal.common.dao.impl,
										  com.unisys.cwis.portal.common.service, com.unisys.cwis.portal.common.service.impl" />

	<tx:annotation-driven transaction-manager="transactionManager" />
<!-- 	<bean id="dataSource" class="org.springframework.jdbc.datasource.DriverManagerDataSource" >
	    <property name="driverClassName" value="oracle.jdbc.driver.OracleDriver"/>
	    <property name="url" value="jdbc:oracle:thin:@INBLR-VM-0563.GTCI-DEV.COM:1521/USFNMRPT"/>
	    <property name="username" value="CWIS_APP_MRP_CONN"/>
	    <property name="password" value="!mrp1APP"/>
	</bean> -->
	
	<bean id="mailSender" class="org.springframework.mail.javamail.JavaMailSenderImpl">
	     <property name="host" value="${email.host}" />
	     <property name="port" value="${email.port}" />	    
	      <property name="protocol" value="${mail.sender.protocol}" />
		
	    <property name="javaMailProperties">
	       <props>
	              <prop key="mail.smtp.auth">${mail.smtp.auth}</prop>
         	      <prop key="mail.smtp.starttls.enable">${mail.smtp.starttls.enable}</prop>
       	          <prop key="mail.smtp.quitwait">${mail.smtp.quitwait}</prop>
       	          <prop key="mail.smtp.debug">${mail.smtp.debug}</prop>
       	          <prop key="mail.smtp.port">${mail.smtp.port}</prop>       	        
       	         
       	   </props>
	    </property>
    </bean>
	<bean id="mailService" class="com.unisys.cwis.portal.common.service.MailService"/>
	<bean id="sessionFactory" class="org.springframework.orm.hibernate5.LocalSessionFactoryBean">
		<property name="dataSource" ref="springDataSource" /> 
		<!-- <property name="hibernateProperties">
			<props>
				<prop key="hibernate.dialect">${hibernate.dialect}</prop>
				<prop key="hibernate.show_sql">${hibernate.show_sql}</prop>
				<prop key="hibernate.format_sql">${hibernate.format_sql}</prop>				
				<prop key="statement_cache.size">0</prop>
		</props>
		</property> -->
		<property name="packagesToScan">
			<list>
				<value>com.unisys.cwis.portal.mrp.entity</value>
				<value>com.unisys.cwis.portal.common.entity</value>			
			</list>
		</property>
	</bean>
	<!--
	<bean name="transactionManager" class="org.springframework.orm.hibernate4.HibernateTransactionManager">
		<property name="sessionFactory" ref="sessionFactory"></property>					
	</bean> -->
	<bean id="transactionManager" class="org.springframework.orm.hibernate5.HibernateTransactionManager">
		<property name="sessionFactory" ref="sessionFactory" />
	</bean>
	
	
	<bean class="org.springframework.beans.factory.config.PropertyPlaceholderConfigurer">
        <property name="location">
            <value>/WEB-INF/application.properties</value>
        </property>
    </bean>

     <!-- <bean id="dbConfigBean" class="com.unisys.cwis.portal.common.core.DatabaseController">
        <property name="dbUrl" 		value="${jdbc.url}" />
        <property name="dbUserId" 	value="${jdbc.username}" />
        <property name="dbPassword" value="${jdbc.password}" />
    </bean> 
 -->  
<bean id="springDataSource" class="org.springframework.jndi.JndiObjectFactoryBean">
  <property name="jndiName" value="java:jboss/jdbc/MRPDS"/>
  <property name="lookupOnStartup" value="true"/>
  <property name="proxyInterface" value="javax.sql.DataSource"/>
</bean>
    
</beans>